id,first_name,last_name,email,phone
1,Miquela,Sumshon,msumshon0@vinaora.com,364-287-6594
2,Muhammad,Seaton,mseaton1@toplist.cz,324-989-5629
3,Hewe,Uccello,huccello2@facebook.com,995-363-2490
4,Eimile,Deluce,edeluce3@netvibes.com,102-676-1370
5,Krystyna,Fraschini,kfraschini4@pinterest.com,526-302-4620
6,Birdie,Rosenfrucht,brosenfrucht5@sciencedaily.com,390-869-7608
7,Ermentrude,Mosedill,emosedill6@tiny.cc,559-698-3147
8,Rancell,Conford,rconford7@csmonitor.com,882-761-4799
9,Dawna,Potkins,dpotkins8@house.gov,831-564-0520
10,Wallie,Marshman,wmarshman9@berkeley.edu,257-787-6162
11,Witty,Farquharson,wfarquharsona@businessweek.com,274-274-2097
12,Ker,Medland,kmedlandb@squarespace.com,779-126-5457
13,Siouxie,Brittin,sbrittinc@csmonitor.com,977-875-3552
14,Collie,Batchley,cbatchleyd@technorati.com,271-659-4853
15,Prue,Herrieven,pherrievene@blog.com,376-500-5154
16,Brittni,Lohoar,blohoarf@linkedin.com,371-859-5511
17,Jack,Buckoke,jbuckokeg@behance.net,438-135-6999
18,Lyman,Tumulty,ltumultyh@un.org,163-550-2486
19,Linus,Sparshutt,lsparshutti@fema.gov,285-230-7125
20,Deva,Gayton,dgaytonj@twitter.com,630-934-2732
21,Leeland,Westmore,lwestmorek@wikispaces.com,554-167-1715
22,Marline,Lammie,mlammiel@angelfire.com,873-765-8969
23,Laraine,Kinder,lkinderm@phpbb.com,875-884-3117
24,Kailey,Confait,kconfaitn@cdbaby.com,225-242-6438
25,Burch,Aland,balando@zimbio.com,870-810-7218
26,Candide,Zieme,cziemep@abc.net.au,195-116-2374
27,Ashton,Di Angelo,adiangeloq@washingtonpost.com,271-452-8664
28,Trixi,Crinage,tcrinager@dmoz.org,361-128-1196
29,Wildon,Trent,wtrents@msn.com,255-318-3641
30,Nicolis,Longhorne,nlonghornet@soup.io,351-122-6228
31,Doro,Milesap,dmilesapu@zdnet.com,209-640-4767
32,Caldwell,Coverdill,ccoverdillv@weather.com,626-104-1604
33,Nefen,Barker,nbarkerw@state.tx.us,765-842-7171
34,Denys,Bagwell,dbagwellx@1688.com,373-947-5468
35,Cynthia,Kleinhausen,ckleinhauseny@apache.org,220-983-9796
36,Nollie,Lasseter,nlasseterz@1688.com,349-280-6976
37,Kalle,Swindell,kswindell10@accuweather.com,637-447-4278
38,Happy,Habergham,hhabergham11@parallels.com,452-405-1550
39,Fredra,Igo,figo12@sbwire.com,353-506-0181
40,Wildon,Gravells,wgravells13@cdbaby.com,439-367-1700
41,Gerrie,Branche,gbranche14@1688.com,775-679-1984
42,Adrianne,Rottcher,arottcher15@altervista.org,874-748-1834
43,Philomena,Rait,prait16@rakuten.co.jp,517-980-3883
44,Blanca,Yellowlees,byellowlees17@netvibes.com,753-922-3966
45,Marcelo,Simonyi,msimonyi18@symantec.com,529-118-2743
46,Walsh,Yes,wyes19@macromedia.com,241-461-2963
47,Caren,Cicccitti,ccicccitti1a@i2i.jp,435-720-9340
48,Darcee,Rochelle,drochelle1b@businesswire.com,353-528-3132
49,Karleen,Kitcatt,kkitcatt1c@opensource.org,344-679-6760
50,Gina,Rontsch,grontsch1d@google.co.jp,342-944-3119
51,Latashia,Rosindill,lrosindill1e@buzzfeed.com,132-836-2808
52,Dolley,Linsey,dlinsey1f@pagesperso-orange.fr,468-288-3837
53,Elston,Gimblett,egimblett1g@blogtalkradio.com,776-823-1965
54,Ricoriki,MacRannell,rmacrannell1h@hao123.com,176-632-3324
55,Ruthe,Beevors,rbeevors1i@imdb.com,831-965-0220
56,Idaline,Elkins,ielkins1j@opera.com,897-776-3212
57,Sara,Grimstead,sgrimstead1k@ft.com,580-278-7300
58,Brooke,Gales,bgales1l@free.fr,830-421-8841
59,Chandal,Presdie,cpresdie1m@squidoo.com,693-215-3746
60,Peria,Frazer,pfrazer1n@aboutads.info,567-382-0214
61,Cordell,Wick,cwick1o@yahoo.com,958-152-1224
62,Allie,Tulk,atulk1p@reddit.com,290-153-9342
63,Kirstyn,Denisovo,kdenisovo1q@ow.ly,351-200-1158
64,Merry,McKillop,mmckillop1r@bandcamp.com,284-336-4240
65,Cordell,Vasilkov,cvasilkov1s@apache.org,553-280-9801
66,Colin,Stonehewer,cstonehewer1t@hatena.ne.jp,706-531-6053
67,Gelya,Persich,gpersich1u@hao123.com,918-936-5169
68,Giffard,Verrill,gverrill1v@mysql.com,278-247-0944
69,Kai,Rodolico,krodolico1w@harvard.edu,554-520-8077
70,Nisse,Guttridge,nguttridge1x@ox.ac.uk,213-508-0369
71,Joshua,Barge,jbarge1y@cyberchimps.com,687-332-7321
72,Dorita,Aldhous,daldhous1z@wikipedia.org,466-969-7559
73,Salvador,Bautiste,sbautiste20@toplist.cz,598-113-3455
74,Wade,Emmanuel,wemmanuel21@cbc.ca,567-908-3551
75,Letisha,McOnie,lmconie22@comsenz.com,772-733-3951
76,Devinne,McDermot,dmcdermot23@cbsnews.com,791-269-3432
77,Hubey,Feaster,hfeaster24@fc2.com,695-254-5387
78,Perceval,Dyson,pdyson25@intel.com,608-426-2560
79,Loren,Pratton,lpratton26@goo.gl,242-246-7325
80,Desmond,Creak,dcreak27@vk.com,172-304-4205
81,Gawain,Gullen,ggullen28@google.com,747-365-8396
82,Glori,Powles,gpowles29@live.com,676-474-6978
83,Elisabetta,Mc Kellen,emckellen2a@yahoo.com,597-862-1191
84,Norbie,Clubley,nclubley2b@nps.gov,441-504-7332
85,Ode,Sprey,osprey2c@ucsd.edu,388-129-6673
86,Alicea,Walshaw,awalshaw2d@cpanel.net,250-401-6309
87,Raddie,Pool,rpool2e@ted.com,487-152-0888
88,Giavani,Cawthry,gcawthry2f@google.com.br,609-861-5659
89,Anitra,Mielnik,amielnik2g@mapy.cz,598-391-0016
90,Sutherlan,Hunnicutt,shunnicutt2h@ucsd.edu,945-343-2940
91,Phip,Gajownik,pgajownik2i@adobe.com,421-411-0395
92,Cirilo,Anney,canney2j@myspace.com,957-827-6219
93,Anetta,Sallter,asallter2k@oaic.gov.au,777-821-4425
94,Raffarty,Rutherford,rrutherford2l@imageshack.us,128-127-9366
95,Earl,Albert,ealbert2m@alexa.com,234-352-6457
96,Solly,Hardbattle,shardbattle2n@forbes.com,960-525-6241
97,Mignon,Flear,mflear2o@imgur.com,788-158-2189
98,Charlotta,Kingswoode,ckingswoode2p@admin.ch,897-673-8851
99,Haslett,Yanin,hyanin2q@psu.edu,376-508-1203
100,Travus,Kineton,tkineton2r@ed.gov,954-266-0293
101,Elwyn,Granham,egranham2s@auda.org.au,362-551-9287
102,Bendicty,Fettis,bfettis2t@sciencedaily.com,723-517-7210
103,Sharity,Reilinger,sreilinger2u@forbes.com,993-771-2299
104,Jesselyn,Bangiard,jbangiard2v@hexun.com,851-936-2496
105,Griz,Joskowicz,gjoskowicz2w@skype.com,662-878-3838
106,Alfonso,Berzins,aberzins2x@si.edu,674-986-9102
107,Guinevere,Brind,gbrind2y@goodreads.com,643-985-0923
108,Jock,Beswell,jbeswell2z@berkeley.edu,393-522-6781
109,Amory,Mulrean,amulrean30@people.com.cn,648-271-9368
110,Mirabelle,Toma,mtoma31@barnesandnoble.com,404-530-7188
111,Gayla,Vause,gvause32@netlog.com,530-522-6832
112,Isidora,Gouthier,igouthier33@intel.com,184-987-5020
113,Griff,Nursey,gnursey34@geocities.com,700-344-9655
114,Friederike,Jelkes,fjelkes35@marketwatch.com,947-809-1766
115,Burgess,Staley,bstaley36@mozilla.com,486-817-0630
116,Terrell,Scholcroft,tscholcroft37@cocolog-nifty.com,125-644-5237
117,Jenifer,Bareford,jbareford38@gnu.org,518-286-4197
118,Corina,Downham,cdownham39@constantcontact.com,733-809-6971
119,Bab,Feetham,bfeetham3a@tripod.com,524-717-8827
120,Etty,Kundt,ekundt3b@si.edu,942-493-4704
121,Olivia,MacCosto,omaccosto3c@washingtonpost.com,625-744-9820
122,Dasie,Waddingham,dwaddingham3d@mit.edu,927-432-3098
123,Mufinella,Galiford,mgaliford3e@paypal.com,600-443-8594
124,Hubey,Worgen,hworgen3f@is.gd,416-420-7046
125,Clay,Benian,cbenian3g@comcast.net,569-547-6087
126,Guenna,Flawn,gflawn3h@unicef.org,378-204-8952
127,Salvador,Demogeot,sdemogeot3i@csmonitor.com,518-104-7772
128,Lyndel,Fakes,lfakes3j@over-blog.com,264-410-9811
129,Kaja,Hannigan,khannigan3k@blinklist.com,889-494-3349
130,Brooks,Lumsdon,blumsdon3l@unc.edu,712-213-9303
131,Pauly,Zamorano,pzamorano3m@eepurl.com,845-165-4998
132,Margo,Purslow,mpurslow3n@pagesperso-orange.fr,489-901-5598
133,Rene,Crommett,rcrommett3o@meetup.com,755-553-4439
134,Clemmy,Leppington,cleppington3p@globo.com,917-145-3120
135,Lyon,Chitter,lchitter3q@fotki.com,435-892-3915
136,Ree,Frondt,rfrondt3r@ucoz.ru,660-222-6396
137,Marshall,Oleksinski,moleksinski3s@gmpg.org,459-389-5137
138,Marigold,Brosi,mbrosi3t@instagram.com,506-805-7531
139,Cindra,Tremblot,ctremblot3u@meetup.com,758-432-5732
140,Bernita,Petrakov,bpetrakov3v@sina.com.cn,408-924-0775
141,Clywd,Bigmore,cbigmore3w@oaic.gov.au,824-876-2137
142,Anatol,Grundon,agrundon3x@tuttocitta.it,744-371-3309
143,Katey,Messingham,kmessingham3y@oracle.com,375-420-0375
144,Garvy,Daubney,gdaubney3z@abc.net.au,353-950-1101
145,Hurleigh,Mongain,hmongain40@plala.or.jp,256-862-6135
146,Lisabeth,Gandar,lgandar41@senate.gov,881-808-2096
147,Elton,Yves,eyves42@odnoklassniki.ru,132-646-2594
148,Holli,Risely,hrisely43@go.com,138-549-7687
149,Natty,Faucett,nfaucett44@engadget.com,414-805-5878
150,Deeyn,Leiden,dleiden45@wisc.edu,501-942-6122
151,Gianina,Ragbourn,gragbourn46@wikispaces.com,661-539-0372
152,Dolorita,Smithers,dsmithers47@storify.com,475-359-3484
153,Enrichetta,Duckham,educkham48@4shared.com,929-519-0594
154,Bernetta,Venour,bvenour49@hugedomains.com,896-306-8346
155,Ardyce,Gyer,agyer4a@prlog.org,422-808-8142
156,Carolee,Bernardin,cbernardin4b@constantcontact.com,391-529-6637
157,Morgan,Lauks,mlauks4c@topsy.com,589-173-3269
158,Luciana,Michal,lmichal4d@deviantart.com,401-400-3834
159,Jana,Rummins,jrummins4e@scientificamerican.com,289-445-3963
160,Ewan,Gisby,egisby4f@columbia.edu,210-880-4101
161,Annette,Vickerman,avickerman4g@ehow.com,215-338-2408
162,Bartie,Reynard,breynard4h@hibu.com,567-478-9470
163,Hoyt,Gurling,hgurling4i@bizjournals.com,291-592-4658
164,Lura,O'Crevy,locrevy4j@soup.io,780-856-1106
165,Eolande,Emanuele,eemanuele4k@washingtonpost.com,221-648-5020
166,Rouvin,Mogra,rmogra4l@blogtalkradio.com,860-634-5891
167,Persis,Instrell,pinstrell4m@businessinsider.com,435-857-1543
168,Cleon,Gumbley,cgumbley4n@theguardian.com,109-350-5866
169,Lem,Raimbauld,lraimbauld4o@eepurl.com,763-554-0152
170,Mattias,Cunah,mcunah4p@reference.com,359-645-5233
171,Walt,Sarvar,wsarvar4q@live.com,333-340-5870
172,Zeb,Von Hindenburg,zvonhindenburg4r@who.int,289-943-5147
173,Melisandra,Hulson,mhulson4s@netvibes.com,650-306-4814
174,Alena,Thirtle,athirtle4t@livejournal.com,696-692-8490
175,Mala,Tawton,mtawton4u@yolasite.com,314-712-5785
176,Sigismund,Malthus,smalthus4v@1688.com,363-790-5153
177,Godwin,Chicco,gchicco4w@alexa.com,761-315-8895
178,Ambrosi,Earsman,aearsman4x@globo.com,777-529-8291
179,Dougy,Deinhardt,ddeinhardt4y@guardian.co.uk,666-142-7731
180,Ransell,Grouse,rgrouse4z@twitter.com,833-948-7752
181,Chevalier,Pirson,cpirson50@businesswire.com,116-215-3740
182,Tybi,Scholer,tscholer51@github.io,955-952-3993
183,Kizzie,Sottell,ksottell52@mapquest.com,650-681-0578
184,Dominique,Duckworth,dduckworth53@edublogs.org,190-349-4475
185,Bartolemo,Aspinall,baspinall54@columbia.edu,757-452-9758
186,Mallissa,Beedell,mbeedell55@hatena.ne.jp,517-440-0220
187,Cordelie,Huncoot,chuncoot56@reuters.com,620-824-1073
188,Jacobo,Chellingworth,jchellingworth57@google.ca,452-473-0588
189,Amery,Burril,aburril58@51.la,393-765-4705
190,Rebe,Saxelby,rsaxelby59@gravatar.com,744-702-2879
191,Missie,Ubsdall,mubsdall5a@hud.gov,811-685-3143
192,Nolana,Stilgo,nstilgo5b@aboutads.info,331-789-5906
193,Bernelle,Foystone,bfoystone5c@meetup.com,504-121-8413
194,Keven,Goodlet,kgoodlet5d@ucoz.com,633-469-8686
195,Dan,Moreno,dmoreno5e@pbs.org,284-308-9695
196,Gaston,Burrows,gburrows5f@squidoo.com,582-722-1420
197,Anselma,Gilcrist,agilcrist5g@china.com.cn,577-697-5511
198,Yovonnda,O'Shiel,yoshiel5h@netscape.com,704-341-8792
199,Malvina,Gillan,mgillan5i@pcworld.com,711-513-5720
200,Peria,Govenlock,pgovenlock5j@mozilla.com,732-303-7624
201,Trista,Downie,tdownie5k@webnode.com,630-588-2341
202,Selie,Rickerby,srickerby5l@usnews.com,151-375-6107
203,Daniella,Lamblin,dlamblin5m@oakley.com,175-467-7517
204,Sabra,Vivyan,svivyan5n@tiny.cc,769-359-1339
205,Findley,Haversham,fhaversham5o@guardian.co.uk,173-564-1516
206,Minnaminnie,Delue,mdelue5p@unicef.org,224-588-5009
207,Danika,Klugel,dklugel5q@newyorker.com,229-566-3972
208,Klaus,Elcum,kelcum5r@t-online.de,672-142-3103
209,Leonerd,Meekins,lmeekins5s@weebly.com,388-405-0710
210,Dalt,Humphries,dhumphries5t@dagondesign.com,445-318-3291
211,Halley,McNee,hmcnee5u@vkontakte.ru,447-836-9162
212,Nara,Glasman,nglasman5v@dropbox.com,500-693-7537
213,Aubrette,Jeaffreson,ajeaffreson5w@mapquest.com,313-700-5029
214,Yard,Aukland,yaukland5x@chron.com,958-617-7939
215,Clementine,Nutman,cnutman5y@cdc.gov,101-974-8340
216,Willie,Yemm,wyemm5z@upenn.edu,650-527-5194
217,Gertrudis,Landy,glandy60@smh.com.au,230-248-9683
218,Rozina,Sancias,rsancias61@fda.gov,315-135-8162
219,Adore,Cordle,acordle62@g.co,663-770-1817
220,Bibbye,Stallard,bstallard63@whitehouse.gov,992-986-8635
221,Giffy,O'Fallowne,gofallowne64@oakley.com,261-199-6010
222,Andros,Patient,apatient65@canalblog.com,357-286-8376
223,Sherwynd,Rowter,srowter66@blogtalkradio.com,408-884-1429
224,Marysa,Caddies,mcaddies67@sun.com,499-290-7571
225,Esra,Masterson,emasterson68@answers.com,888-530-4612
226,Stacee,Warsop,swarsop69@craigslist.org,375-934-5057
227,Olympe,McGivena,omcgivena6a@sina.com.cn,873-660-2323
228,Lexis,Greatrakes,lgreatrakes6b@linkedin.com,447-933-8724
229,Silvano,Mallabone,smallabone6c@vistaprint.com,887-521-7573
230,Johnna,Collin,jcollin6d@mayoclinic.com,472-401-4253
231,Cathi,Grzeskowski,cgrzeskowski6e@vk.com,102-993-7644
232,Shantee,Hawkin,shawkin6f@sphinn.com,702-302-7992
233,Yvonne,Sudworth,ysudworth6g@slideshare.net,511-871-5805
234,Philomena,Bosanko,pbosanko6h@netscape.com,536-570-4394
235,Darice,Krzyzanowski,dkrzyzanowski6i@upenn.edu,800-764-1512
236,Chryste,Barthelme,cbarthelme6j@reverbnation.com,260-295-3987
237,Akim,Sloper,asloper6k@nba.com,213-852-0601
238,Gianni,Barlee,gbarlee6l@studiopress.com,794-368-0719
239,Bearnard,Dugald,bdugald6m@skyrock.com,358-276-1685
240,Scarface,Buff,sbuff6n@uol.com.br,512-344-2230
241,Town,Penman,tpenman6o@parallels.com,406-856-7520
242,Harp,Myrkus,hmyrkus6p@bloomberg.com,609-610-5260
243,Jayson,Gourlay,jgourlay6q@shinystat.com,818-449-2438
244,Em,Mytton,emytton6r@mlb.com,373-213-1474
245,Edy,Smylie,esmylie6s@infoseek.co.jp,869-892-0882
246,Sid,Jevon,sjevon6t@last.fm,546-320-7039
247,Abdel,Burghall,aburghall6u@deviantart.com,796-749-6704
248,Rand,Furminger,rfurminger6v@cocolog-nifty.com,951-855-5313
249,Mellisa,Myner,mmyner6w@fda.gov,695-123-7028
250,Marcile,Treend,mtreend6x@wired.com,568-861-6918
251,Neysa,Pimme,npimme6y@accuweather.com,505-199-4038
252,Ibrahim,Riveles,iriveles6z@jugem.jp,610-787-1977
253,Farra,Feast,ffeast70@shareasale.com,815-968-1717
254,Georgy,Paliser,gpaliser71@elpais.com,557-257-7754
255,Mercie,Forcade,mforcade72@netlog.com,402-959-3414
256,Kahaleel,Witchard,kwitchard73@weibo.com,373-903-3515
257,Goldi,ffrench Beytagh,gffrenchbeytagh74@senate.gov,609-567-1128
258,Caryl,Benko,cbenko75@edublogs.org,134-312-4067
259,Kimble,Diaper,kdiaper76@mtv.com,143-135-7171
260,Erica,McNirlin,emcnirlin77@craigslist.org,890-120-6365
261,Jamison,Winckles,jwinckles78@exblog.jp,561-564-7937
262,Carilyn,Sheran,csheran79@hugedomains.com,945-961-2233
263,Cleavland,Kittel,ckittel7a@jigsy.com,286-874-8522
264,Kristi,Snoding,ksnoding7b@cnn.com,147-778-1428
265,Ferris,Escolme,fescolme7c@hc360.com,956-847-1689
266,Kenna,Skyppe,kskyppe7d@cnbc.com,965-518-7514
267,Alida,Brimicombe,abrimicombe7e@cisco.com,897-410-7099
268,Dulsea,Garstang,dgarstang7f@buzzfeed.com,768-936-5999
269,Lacey,Laurant,llaurant7g@gnu.org,772-628-6543
270,Corny,Murkus,cmurkus7h@businessinsider.com,266-534-8243
271,Orelia,Triggle,otriggle7i@cornell.edu,708-597-4337
272,Dan,Crowdson,dcrowdson7j@irs.gov,692-779-8820
273,Jonie,McGrotty,jmcgrotty7k@so-net.ne.jp,209-175-9865
274,Buiron,Martindale,bmartindale7l@salon.com,142-777-2862
275,Megen,Greenman,mgreenman7m@pinterest.com,611-512-4668
276,Sarah,Lemon,slemon7n@goo.ne.jp,984-651-7476
277,Virginie,Dufore,vdufore7o@sphinn.com,663-401-8280
278,Wyndham,Hanssmann,whanssmann7p@pen.io,889-371-2515
279,Pauli,Garlic,pgarlic7q@ovh.net,259-549-4595
280,Yankee,Southard,ysouthard7r@cyberchimps.com,796-112-9324
281,Lauren,Foskett,lfoskett7s@1688.com,104-886-0619
282,Lexine,Grivori,lgrivori7t@diigo.com,625-839-5289
283,Dewitt,Ash,dash7u@abc.net.au,532-947-4044
284,Marketa,Boutell,mboutell7v@businessweek.com,605-319-3368
285,Nancee,Keson,nkeson7w@networksolutions.com,416-334-0018
286,Venus,Ellingsworth,vellingsworth7x@shop-pro.jp,804-226-9930
287,Granthem,Glacken,gglacken7y@webeden.co.uk,286-481-1416
288,Timothy,Dutt,tdutt7z@nsw.gov.au,759-628-0515
289,Nana,Meeron,nmeeron80@imgur.com,925-321-6113
290,Liva,Whorf,lwhorf81@goo.ne.jp,225-782-2008
291,Thekla,Jestico,tjestico82@imdb.com,455-673-8230
292,Blair,Coat,bcoat83@squarespace.com,142-981-6016
293,Chrisse,Pergens,cpergens84@statcounter.com,831-461-5834
294,Marian,Gorini,mgorini85@lycos.com,463-869-9452
295,Kevina,Odo,kodo86@cyberchimps.com,961-350-6797
296,Lauren,Faltin,lfaltin87@tiny.cc,343-557-6450
297,Ernie,Broome,ebroome88@bloomberg.com,390-334-2584
298,Federica,Dickins,fdickins89@twitter.com,656-986-2222
299,Gare,Upjohn,gupjohn8a@adobe.com,802-387-4497
300,Phyllis,Cowpland,pcowpland8b@paypal.com,786-121-0866
301,Lolita,Danis,ldanis8c@slideshare.net,503-601-2065
302,Justina,Goodlet,jgoodlet8d@uol.com.br,354-695-5987
303,Brook,Austin,baustin8e@stumbleupon.com,709-696-4752
304,Eva,Biggar,ebiggar8f@youtube.com,932-474-0618
305,Amy,Hoyles,ahoyles8g@fastcompany.com,893-841-1724
306,Eustacia,Boutcher,eboutcher8h@desdev.cn,920-631-7324
307,Blaine,Anniwell,banniwell8i@ebay.com,292-550-6911
308,Fitzgerald,Evenden,fevenden8j@bloomberg.com,124-568-4010
309,Fairleigh,Capewell,fcapewell8k@unicef.org,246-297-3779
310,Jessie,Meni,jmeni8l@cdbaby.com,136-330-0571
311,Anastassia,Jesper,ajesper8m@jigsy.com,313-763-1225
312,Joellyn,Aldington,jaldington8n@salon.com,241-726-1518
313,Mallory,Flight,mflight8o@miibeian.gov.cn,601-285-2439
314,Vittoria,Massimi,vmassimi8p@vistaprint.com,562-617-4153
315,Nils,Kristiansen,nkristiansen8q@nature.com,217-590-8631
316,Konstantin,Robardet,krobardet8r@webs.com,578-807-4632
317,Cherice,Holbie,cholbie8s@narod.ru,145-618-3369
318,Frances,Dering,fdering8t@sakura.ne.jp,609-138-4538
319,Hyacinthie,Panks,hpanks8u@hhs.gov,656-941-1096
320,Zondra,Pheby,zpheby8v@salon.com,729-632-9091
321,Natalya,Pym,npym8w@wisc.edu,536-947-0694
322,Latrena,Queripel,lqueripel8x@webnode.com,152-238-3580
323,Herbie,Sewley,hsewley8y@si.edu,950-772-3067
324,Prissie,Petrak,ppetrak8z@wordpress.org,290-492-2375
325,Tadd,Osment,tosment90@cam.ac.uk,309-701-3021
326,Elayne,Thying,ethying91@ted.com,680-606-2295
327,Bamby,Di Carli,bdicarli92@ovh.net,300-543-0668
328,Mireielle,Bene,mbene93@smh.com.au,893-575-0654
329,Brooke,Sellar,bsellar94@storify.com,317-582-6586
330,Renaldo,Redholes,rredholes95@wp.com,274-848-4660
331,Tabor,Terbrugge,tterbrugge96@reddit.com,670-346-0672
332,Ethelbert,Seeborne,eseeborne97@blinklist.com,113-637-5058
333,Damita,Espinosa,despinosa98@weather.com,257-450-8972
334,Fulvia,Upson,fupson99@discovery.com,949-430-1489
335,Idell,Burgher,iburgher9a@economist.com,278-814-4398
336,Pepillo,Lodford,plodford9b@multiply.com,728-632-0823
337,Sylvia,Spridgeon,sspridgeon9c@networkadvertising.org,310-310-0860
338,Karel,Borlease,kborlease9d@abc.net.au,213-805-7547
339,Beckie,Muselli,bmuselli9e@nih.gov,107-960-4105
340,Morris,Holston,mholston9f@washingtonpost.com,556-947-6103
341,Corinna,Peterkin,cpeterkin9g@wikispaces.com,577-133-7775
342,Cecil,Annis,cannis9h@youtube.com,700-839-3551
343,Sabra,Reburn,sreburn9i@indiegogo.com,611-830-1603
344,Griz,Corbin,gcorbin9j@vinaora.com,839-959-7157
345,Normand,Spicer,nspicer9k@reference.com,666-796-5386
346,Alec,Horley,ahorley9l@senate.gov,787-861-2941
347,Koralle,Nairn,knairn9m@mac.com,940-846-2038
348,Meagan,Dearsley,mdearsley9n@auda.org.au,640-190-1589
349,Glenine,Mapholm,gmapholm9o@jalbum.net,619-736-5279
350,Tammie,Torbet,ttorbet9p@msn.com,651-482-4183
351,Andriette,Ledrane,aledrane9q@biglobe.ne.jp,537-674-1985
352,Kasper,Quiney,kquiney9r@vimeo.com,467-997-0748
353,Florencia,Brech,fbrech9s@ibm.com,785-356-1939
354,Lizabeth,Piscotti,lpiscotti9t@goo.gl,527-781-5786
355,Grover,Goodlake,ggoodlake9u@shareasale.com,492-228-1207
356,Stella,Jeffrey,sjeffrey9v@angelfire.com,560-184-2544
357,Candi,Younghusband,cyounghusband9w@chronoengine.com,818-287-3302
358,Maddie,Chapiro,mchapiro9x@tamu.edu,317-275-4507
359,Delbert,Dunkerley,ddunkerley9y@parallels.com,968-265-5962
360,Agosto,Mickelwright,amickelwright9z@symantec.com,229-142-7106
361,Jacintha,Truin,jtruina0@foxnews.com,254-428-3117
362,Zia,Underdown,zunderdowna1@blinklist.com,977-439-4927
363,Codee,Nudds,cnuddsa2@nytimes.com,131-992-1801
364,Farr,Leon,fleona3@state.tx.us,336-115-4358
365,Wood,Catley,wcatleya4@whitehouse.gov,972-202-7906
366,Maure,Mulcaster,mmulcastera5@youtu.be,460-756-8145
367,Phyllys,Kilcoyne,pkilcoynea6@skyrock.com,200-855-4856
368,Seamus,Probert,sproberta7@home.pl,851-920-8133
369,Cinderella,Waight,cwaighta8@i2i.jp,864-802-0314
370,Nertie,Bebb,nbebba9@rediff.com,432-115-8333
371,Kettie,Reoch,kreochaa@ed.gov,894-105-7775
372,Reed,Delue,rdelueab@accuweather.com,969-769-3179
373,Donny,Wyper,dwyperac@storify.com,390-653-5834
374,Josiah,Ryder,jryderad@google.co.uk,683-365-9099
375,Belita,Blinco,bblincoae@google.com.br,707-842-1261
376,Herminia,Paddison,hpaddisonaf@arstechnica.com,470-677-0366
377,Ethelyn,Gonzalez,egonzalezag@oakley.com,503-974-9400
378,Eldon,Axel,eaxelah@yahoo.com,363-524-2546
379,Hamilton,Berzon,hberzonai@blogspot.com,269-810-8024
380,Cleo,Radband,cradbandaj@google.it,169-840-5822
381,Hamil,Mellmer,hmellmerak@squidoo.com,355-426-0423
382,Ibby,Pepperd,ipepperdal@google.com.hk,622-861-3699
383,Catherin,Cassella,ccassellaam@reddit.com,381-719-8832
384,Rafael,Feaver,rfeaveran@bbb.org,281-211-0883
385,Salome,Kittley,skittleyao@google.cn,844-708-5111
386,Langston,Bricknall,lbricknallap@sbwire.com,209-901-3641
387,Vittoria,Eubank,veubankaq@storify.com,167-422-9774
388,Cynthia,Wannop,cwannopar@goo.ne.jp,496-432-6466
389,Quentin,Fayer,qfayeras@360.cn,324-489-7908
390,Diandra,Lanchbury,dlanchburyat@mashable.com,939-495-1043
391,Wes,Bare,wbareau@army.mil,355-139-6517
392,Sargent,Deer,sdeerav@etsy.com,846-413-4305
393,Callida,Jowitt,cjowittaw@imgur.com,397-566-2892
394,Hieronymus,Bartolomeotti,hbartolomeottiax@elegantthemes.com,653-353-0657
395,Sayres,Pavkovic,spavkovicay@shutterfly.com,643-815-5982
396,Celene,Wasbrough,cwasbroughaz@squarespace.com,986-715-9556
397,Erinn,Hummerston,ehummerstonb0@noaa.gov,202-930-4510
398,Geralda,Charteris,gcharterisb1@unblog.fr,321-311-1602
399,Gennie,Bugge,gbuggeb2@chicagotribune.com,253-413-2990
400,Shirline,Massy,smassyb3@canalblog.com,733-384-0887
401,Saunderson,Jerzak,sjerzakb4@google.ca,979-982-2733
402,Kristel,Shemilt,kshemiltb5@360.cn,959-315-0942
403,Uriel,Pairpoint,upairpointb6@wsj.com,629-435-7765
404,Rosy,Jarrette,rjarretteb7@ucla.edu,939-260-4150
405,Annmaria,Iacovolo,aiacovolob8@ask.com,713-855-9578
406,Che,Lufkin,clufkinb9@yolasite.com,942-616-4140
407,Ambrosio,Roche,arocheba@sitemeter.com,321-442-1595
408,Selby,Malcolm,smalcolmbb@csmonitor.com,490-183-8988
409,Tabby,Wortley,twortleybc@xrea.com,575-405-0434
410,Beverlee,Askam,baskambd@t-online.de,818-363-8219
411,Giselbert,Garnsworthy,ggarnsworthybe@deliciousdays.com,822-775-4582
412,Sutton,Stapleton,sstapletonbf@ifeng.com,550-241-6418
413,Domeniga,Cousins,dcousinsbg@webeden.co.uk,250-430-0683
414,Sloane,Dunkerley,sdunkerleybh@mayoclinic.com,704-667-6896
415,Maridel,Dominique,mdominiquebi@chicagotribune.com,905-701-2830
416,Briana,Bosch,bboschbj@plala.or.jp,907-460-2518
417,Angeline,Kilroy,akilroybk@reddit.com,617-228-2204
418,Aldridge,Ionnisian,aionnisianbl@jiathis.com,437-172-0173
419,Deedee,Pickworth,dpickworthbm@accuweather.com,825-298-9733
420,Silva,Duffrie,sduffriebn@i2i.jp,354-327-7529
421,Josh,Antowski,jantowskibo@simplemachines.org,888-268-2154
422,Russ,Skacel,rskacelbp@earthlink.net,119-536-5013
423,Guendolen,MacMarcuis,gmacmarcuisbq@dot.gov,238-938-5372
424,Currey,Melsom,cmelsombr@topsy.com,511-874-4833
425,Rey,Bocken,rbockenbs@lycos.com,455-435-6349
426,Lesly,Zemler,lzemlerbt@intel.com,245-196-6729
427,Adelina,Fridlington,afridlingtonbu@umich.edu,568-541-9460
428,Nari,Varty,nvartybv@friendfeed.com,544-427-5482
429,Saloma,Piaggia,spiaggiabw@usda.gov,994-552-9666
430,Marieann,Gaukroger,mgaukrogerbx@cafepress.com,119-907-3082
431,Nils,Bosward,nboswardby@about.me,739-627-4542
432,Jessey,Yeo,jyeobz@ucoz.com,465-853-5915
433,Peg,Rosenberger,prosenbergerc0@theglobeandmail.com,255-162-4864
434,Gui,Kirstein,gkirsteinc1@latimes.com,579-176-7273
435,Lockwood,D'Acth,ldacthc2@lulu.com,161-957-6045
436,Avictor,Simeone,asimeonec3@friendfeed.com,500-972-6181
437,Haze,Pitherick,hpitherickc4@oaic.gov.au,118-607-7825
438,Ethelin,Bullivent,ebulliventc5@joomla.org,218-228-5460
439,Bonnibelle,Howman,bhowmanc6@tuttocitta.it,942-728-9811
440,Quintana,Teodorski,qteodorskic7@oaic.gov.au,711-739-3426
441,Terri,Olivie,toliviec8@buzzfeed.com,872-692-4593
442,Claudius,Whitlock,cwhitlockc9@msu.edu,355-975-9454
443,Lotty,Cousen,lcousenca@cbc.ca,299-541-8327
444,Kliment,Francom,kfrancomcb@ucla.edu,912-872-1539
445,Shelley,Matejka,smatejkacc@forbes.com,363-783-1069
446,Hayyim,Beyer,hbeyercd@usatoday.com,177-720-2524
447,Andie,Brisbane,abrisbanece@sfgate.com,298-190-7332
448,Carlotta,Camamill,ccamamillcf@upenn.edu,895-849-6786
449,Marwin,Draijer,mdraijercg@google.nl,815-218-2548
450,Hastings,Baszkiewicz,hbaszkiewiczch@digg.com,554-589-1708
451,Jerrilee,Trittam,jtrittamci@who.int,420-782-0590
452,Lea,Rosini,lrosinicj@artisteer.com,645-784-5173
453,Mead,Pidler,mpidlerck@people.com.cn,929-459-9019
454,Talbert,Casement,tcasementcl@si.edu,163-210-1817
455,Caria,Espasa,cespasacm@constantcontact.com,661-635-7495
456,Jeniece,Mowle,jmowlecn@chicagotribune.com,724-702-4232
457,Walliw,Hriinchenko,whriinchenkoco@geocities.com,633-630-1191
458,Tann,Glendining,tglendiningcp@miibeian.gov.cn,801-934-8799
459,Tabb,Pendleton,tpendletoncq@studiopress.com,149-371-7666
460,Deedee,Espinay,despinaycr@joomla.org,129-251-0093
461,Deena,Newdick,dnewdickcs@state.gov,160-291-9554
462,Rora,Cotterrill,rcotterrillct@plala.or.jp,239-462-7626
463,Melisa,Ivatt,mivattcu@unc.edu,453-446-2735
464,Cecilio,Prestidge,cprestidgecv@themeforest.net,436-428-8841
465,Bondie,Gerrie,bgerriecw@narod.ru,576-711-2447
466,Borg,Boraston,bborastoncx@sogou.com,429-543-1777
467,Lari,Clifforth,lclifforthcy@pbs.org,576-401-6478
468,Shandeigh,Andrez,sandrezcz@utexas.edu,254-178-0626
469,Brandais,McGrouther,bmcgroutherd0@ucla.edu,193-222-5139
470,Rene,Ravel,rraveld1@godaddy.com,446-536-7961
471,Carly,Nehlsen,cnehlsend2@hostgator.com,562-383-8235
472,Cindra,Barrass,cbarrassd3@redcross.org,275-216-1090
473,Bronson,Santry,bsantryd4@cafepress.com,210-244-0838
474,Babbie,Stickel,bstickeld5@ebay.co.uk,506-591-7878
475,Brandea,Kilian,bkiliand6@oracle.com,268-219-6071
476,Thomasina,Lewens,tlewensd7@nifty.com,374-327-6353
477,Helaina,MacKimm,hmackimmd8@blogs.com,136-319-9710
478,Asa,Bridges,abridgesd9@foxnews.com,462-268-4321
479,Margret,Kerrane,mkerraneda@parallels.com,741-369-1923
480,Myrvyn,Catlow,mcatlowdb@sbwire.com,361-964-4326
481,Cal,Grigor,cgrigordc@dailymotion.com,171-275-8942
482,Teirtza,Vise,tvisedd@columbia.edu,482-439-7651
483,Helene,Waltering,hwalteringde@elpais.com,754-409-1447
484,Emlynne,Dain,edaindf@ihg.com,613-623-2186
485,Ryley,McCaffery,rmccafferydg@foxnews.com,794-674-2165
486,Oberon,Mitford,omitforddh@vk.com,201-638-8391
487,Ivy,Pendrick,ipendrickdi@google.com.br,615-487-1807
488,Thain,Mulbry,tmulbrydj@amazon.com,179-208-3814
489,Felita,Reidshaw,freidshawdk@about.me,629-252-7154
490,Pablo,Nystrom,pnystromdl@chron.com,671-777-3837
491,Tye,Bullant,tbullantdm@gizmodo.com,552-864-8306
492,Idalina,Buzin,ibuzindn@google.nl,937-210-3450
493,Kala,Sawday,ksawdaydo@cnbc.com,786-795-0924
494,Llywellyn,Pinnell,lpinnelldp@addthis.com,519-298-0146
495,Ana,Brightie,abrightiedq@homestead.com,657-380-6186
496,Hermy,Casemore,hcasemoredr@reference.com,581-292-1109
497,Alf,Hillan,ahillands@hexun.com,291-549-3057
498,Clem,Fadian,cfadiandt@google.com,314-426-0295
499,Netty,Egdal,negdaldu@google.de,731-911-3765
500,Martica,Macartney,mmacartneydv@so-net.ne.jp,947-700-4506
501,Bronny,Murrells,bmurrellsdw@mit.edu,298-793-9900
502,Koralle,Blore,kbloredx@devhub.com,129-800-7288
503,Rena,Hawksworth,rhawksworthdy@nydailynews.com,650-208-2274
504,Tracey,Motton,tmottondz@cdbaby.com,840-678-2481
505,Osborne,Girodier,ogirodiere0@networksolutions.com,721-783-7806
506,Vicki,Hince,vhincee1@sourceforge.net,792-295-9041
507,Asa,McChruiter,amcchruitere2@goo.gl,864-332-0111
508,Lynett,Mence,lmencee3@gov.uk,891-120-1149
509,Keeley,Jirieck,kjiriecke4@tumblr.com,833-589-9977
510,Ciro,Jopke,cjopkee5@posterous.com,694-468-8704
511,Saxe,Yeoman,syeomane6@deviantart.com,864-385-8198
512,Laureen,Klehyn,lklehyne7@latimes.com,927-424-5339
513,Quintana,Kleinsinger,qkleinsingere8@phoca.cz,877-564-3395
514,Ralina,Rodenburg,rrodenburge9@myspace.com,396-837-4750
515,Frederich,Starford,fstarfordea@va.gov,953-367-7670
516,Sarene,Nayshe,snaysheeb@comsenz.com,692-260-4530
517,Corliss,Kleen,ckleenec@angelfire.com,365-638-9085
518,Edvard,Iacopini,eiacopinied@gizmodo.com,871-891-0115
519,Paula,Jerosch,pjeroschee@springer.com,758-143-8556
520,Odette,Saura,osauraef@vk.com,982-120-6311
521,Honoria,Petrol,hpetroleg@msu.edu,651-217-8199
522,Edik,Kobierski,ekobierskieh@nydailynews.com,491-784-8616
523,Britteny,Jessop,bjessopei@bravesites.com,143-390-5926
524,Adham,Lipprose,alipproseej@jigsy.com,664-293-9401
525,Lew,Dorracott,ldorracottek@bloomberg.com,183-549-2299
526,Felic,Bour,fbourel@github.com,238-586-7382
527,Gypsy,Gobel,ggobelem@google.com,456-274-5322
528,Coletta,Bann,cbannen@globo.com,736-736-1753
529,Desmond,Creenan,dcreenaneo@imgur.com,110-884-1276
530,Gareth,Sharrem,gsharremep@blogs.com,544-371-6682
531,Giffer,Cuttings,gcuttingseq@dyndns.org,267-482-2676
532,Maximilien,Bernth,mbernther@google.fr,538-741-1084
533,Harrietta,Arthurs,harthurses@goodreads.com,516-964-1104
534,Wald,Baldree,wbaldreeet@craigslist.org,112-989-8214
535,Violante,Fearnyough,vfearnyougheu@shop-pro.jp,769-382-6152
536,Jehu,Voaden,jvoadenev@eventbrite.com,140-250-6960
537,Giana,Rigate,grigateew@cbsnews.com,720-927-9924
538,Rowe,Waghorn,rwaghornex@bravesites.com,918-628-5063
539,Barnard,Boom,bboomey@canalblog.com,115-109-1670
540,Trudy,McAlarney,tmcalarneyez@hud.gov,474-658-4045
541,Elvina,Ingolotti,eingolottif0@bbc.co.uk,711-694-3662
542,Murial,Bygraves,mbygravesf1@ted.com,331-999-2742
543,Gunther,Gounod,ggounodf2@pagesperso-orange.fr,212-806-6095
544,Erek,Regus,eregusf3@opensource.org,669-177-3362
545,Lauri,Posner,lposnerf4@sakura.ne.jp,958-331-4275
546,Zach,Gapp,zgappf5@behance.net,189-975-3487
547,Turner,Peskin,tpeskinf6@jalbum.net,384-544-0243
548,Nathanael,Ovett,novettf7@netscape.com,707-492-0073
549,Maggee,Hardie,mhardief8@constantcontact.com,314-349-8031
550,Luther,Garthland,lgarthlandf9@newyorker.com,158-930-2697
551,Trefor,Sanbrooke,tsanbrookefa@t-online.de,351-106-5554
552,Demott,Cacacie,dcacaciefb@pagesperso-orange.fr,973-539-2465
553,Ethyl,Veelers,eveelersfc@t.co,760-504-7607
554,Westbrooke,Mundall,wmundallfd@sciencedaily.com,680-342-1301
555,Richy,MacAdam,rmacadamfe@amazon.co.jp,502-714-2037
556,Gal,Roberds,groberdsff@sohu.com,753-567-1111
557,Auguste,Petrovsky,apetrovskyfg@narod.ru,145-324-8321
558,Jobyna,Bunten,jbuntenfh@unicef.org,580-864-4671
559,Karina,McGlone,kmcglonefi@bing.com,997-300-8943
560,Carmelia,Steynor,csteynorfj@cdbaby.com,639-955-2401
561,Marita,Zellner,mzellnerfk@nature.com,612-750-1925
562,Carla,Twyford,ctwyfordfl@forbes.com,515-495-8664
563,Dennet,Vicarey,dvicareyfm@51.la,129-272-8642
564,Cacilia,Lamont,clamontfn@slideshare.net,482-494-2860
565,Hayley,McCorry,hmccorryfo@google.es,236-906-9047
566,Lucy,Stace,lstacefp@gmpg.org,630-971-9038
567,Clemens,Messent,cmessentfq@blogger.com,337-393-5073
568,Celisse,Spirit,cspiritfr@spotify.com,295-832-5493
569,Rhona,Middle,rmiddlefs@slate.com,747-796-8964
570,Percy,Spyby,pspybyft@php.net,406-655-0659
571,Efrem,Patullo,epatullofu@bloglovin.com,314-729-6548
572,Garfield,Gilbart,ggilbartfv@amazon.co.jp,306-158-2777
573,Sherwin,Dury,sduryfw@hugedomains.com,140-761-2358
574,Moira,Yendle,myendlefx@vkontakte.ru,475-731-4879
575,Hermy,Staterfield,hstaterfieldfy@hugedomains.com,129-777-3869
576,Branden,Ellingsworth,bellingsworthfz@tinypic.com,571-207-3684
577,Odo,Wenden,owendeng0@google.co.jp,137-824-2775
578,Griz,Bastistini,gbastistinig1@marketwatch.com,202-520-7785
579,Jillie,Treece,jtreeceg2@prweb.com,512-653-5998
580,Cyb,Trebbett,ctrebbettg3@scientificamerican.com,861-314-4516
581,Vivyan,Yakhin,vyakhing4@pagesperso-orange.fr,214-533-3185
582,Travers,Pietranek,tpietranekg5@alexa.com,239-213-9314
583,Codi,Goldby,cgoldbyg6@google.ru,321-415-9208
584,Sig,Stockell,sstockellg7@wikipedia.org,331-701-7338
585,Blisse,Strawbridge,bstrawbridgeg8@google.ca,174-333-6424
586,Madelina,Farran,mfarrang9@wordpress.org,463-723-9979
587,Saxon,De la Harpe,sdelaharpega@posterous.com,586-429-7878
588,Dell,Heigl,dheiglgb@typepad.com,284-790-4974
589,Goldia,Spurryer,gspurryergc@chron.com,228-249-0650
590,Sullivan,Sames,ssamesgd@etsy.com,220-633-1069
591,Sadie,Huffy,shuffyge@friendfeed.com,743-398-1102
592,Verla,Esmonde,vesmondegf@tmall.com,541-503-9296
593,Kennedy,Cloney,kcloneygg@hud.gov,474-667-4983
594,Kip,Swynley,kswynleygh@csmonitor.com,395-658-5270
595,Maurise,Malcher,mmalchergi@angelfire.com,346-725-1882
596,Thomasine,Wingfield,twingfieldgj@dyndns.org,248-394-5037
597,Ninetta,Jeannin,njeanningk@slashdot.org,413-514-8759
598,Wilone,Dubock,wdubockgl@gov.uk,934-541-0268
599,Hinda,Beringer,hberingergm@sciencedirect.com,399-332-7895
600,Mathias,Sarchwell,msarchwellgn@yale.edu,477-707-8808
601,Ivonne,Grosvenor,igrosvenorgo@mayoclinic.com,355-773-1340
602,Alan,Corness,acornessgp@blog.com,666-182-3513
603,Holmes,Clemencon,hclemencongq@hud.gov,826-471-1589
604,Giusto,Gippes,ggippesgr@google.com,767-488-2737
605,Jarvis,Gosswell,jgosswellgs@naver.com,654-310-9966
606,Cassondra,Mityukov,cmityukovgt@apple.com,569-856-2637
607,Trescha,Skene,tskenegu@com.com,239-828-2450
608,Cam,Kees,ckeesgv@cdc.gov,868-596-7057
609,Abbey,Wones,awonesgw@businessweek.com,101-654-3498
610,Constantine,Ludee,cludeegx@unc.edu,575-567-5250
611,Meryl,Doggerell,mdoggerellgy@ask.com,573-804-7038
612,August,Dunseith,adunseithgz@usda.gov,251-571-4888
613,Jacky,Shurrock,jshurrockh0@mit.edu,364-500-4912
614,Pippo,Stolte,pstolteh1@netlog.com,390-189-6815
615,Pepita,Gingle,pgingleh2@godaddy.com,763-434-4882
616,Jedediah,Willmore,jwillmoreh3@nydailynews.com,717-147-1132
617,Christopher,Crane,ccraneh4@ox.ac.uk,813-684-1593
618,Agustin,Rosetti,arosettih5@usgs.gov,956-179-7372
619,Omar,Rooms,oroomsh6@facebook.com,390-885-1524
620,Emlen,Lynnitt,elynnitth7@cnn.com,304-867-2366
621,Sibylla,Baird,sbairdh8@sphinn.com,154-703-5203
622,Fanni,Fylan,ffylanh9@about.me,824-370-2256
623,Brig,Tann,btannha@hhs.gov,711-836-7494
624,Hermon,Danko,hdankohb@kickstarter.com,564-326-1172
625,Teirtza,Duckett,tducketthc@trellian.com,674-343-5535
626,Caril,Attard,cattardhd@amazon.de,341-514-8371
627,Dall,Shipsey,dshipseyhe@livejournal.com,165-767-1253
628,Erl,Pucknell,epucknellhf@t.co,665-271-0210
629,Mariel,Pherps,mpherpshg@ihg.com,981-655-1962
630,Karry,Strapp,kstrapphh@mtv.com,186-177-3337
631,Johna,Wilmut,jwilmuthi@nytimes.com,639-682-1641
632,Nadiya,Romanini,nromaninihj@vkontakte.ru,663-747-2957
633,Daphene,Pitrasso,dpitrassohk@newsvine.com,237-728-2970
634,Willyt,MacLachlan,wmaclachlanhl@addthis.com,680-992-4866
635,Peterus,Wraggs,pwraggshm@sciencedaily.com,918-512-8772
636,Karel,Medeway,kmedewayhn@twitpic.com,930-399-3412
637,Drucie,Romayn,dromaynho@wiley.com,595-630-8801
638,Bjorn,Fidgett,bfidgetthp@google.com.br,585-612-0778
639,Jennie,Woofenden,jwoofendenhq@narod.ru,903-275-7590
640,Carl,Aston,castonhr@studiopress.com,891-255-4489
641,Ag,Simonetti,asimonettihs@barnesandnoble.com,495-280-1543
642,Sam,Lackington,slackingtonht@whitehouse.gov,430-344-5804
643,Caresa,Pitcher,cpitcherhu@blogs.com,324-445-7423
644,Antone,Hincham,ahinchamhv@cdbaby.com,562-674-0251
645,Bobinette,MacElane,bmacelanehw@mit.edu,731-968-5609
646,Erinn,Wiersma,ewiersmahx@hubpages.com,413-808-1264
647,Camile,Tommaseo,ctommaseohy@eepurl.com,609-770-3413
648,Vere,Lapthorne,vlapthornehz@whitehouse.gov,970-874-2466
649,Paulo,Grellier,pgrellieri0@vinaora.com,895-670-7729
650,Boy,Kippin,bkippini1@about.me,537-408-5373
651,Bird,Allmond,ballmondi2@altervista.org,892-294-6053
652,Archibaldo,Lambdon,alambdoni3@google.com.br,384-114-5084
653,Lennie,Momery,lmomeryi4@biglobe.ne.jp,720-293-0096
654,Kennedy,Rymmer,krymmeri5@hp.com,678-728-0033
655,Urbain,Lucia,uluciai6@networksolutions.com,747-281-7080
656,Viola,Elford,velfordi7@angelfire.com,506-181-2365
657,Antony,Edgler,aedgleri8@chronoengine.com,143-887-7777
658,Tildy,Chalcraft,tchalcrafti9@shop-pro.jp,879-722-4911
659,Emlen,Norwell,enorwellia@senate.gov,729-551-7876
660,Angelique,Florey,afloreyib@yandex.ru,419-464-2167
661,Lou,Melwall,lmelwallic@flavors.me,953-520-4458
662,Odilia,Vamplers,ovamplersid@skyrock.com,608-136-4240
663,Hayden,Alasdair,halasdairie@technorati.com,271-399-3832
664,Trudi,Roderighi,troderighiif@clickbank.net,439-441-6868
665,Spike,Battye,sbattyeig@slate.com,369-604-2712
666,Elsey,Linney,elinneyih@washingtonpost.com,833-929-0707
667,Ailene,O'Deegan,aodeeganii@latimes.com,110-167-0091
668,Adey,Syversen,asyversenij@prweb.com,230-271-0480
669,Jodie,Rowe,jroweik@qq.com,608-699-7982
670,Cheri,Thrasher,cthrasheril@unesco.org,584-170-7082
671,Lisha,Caldecourt,lcaldecourtim@digg.com,645-581-3063
672,Keenan,Dennidge,kdennidgein@discuz.net,370-433-1704
673,Roseanne,Northcott,rnorthcottio@reverbnation.com,186-179-9629
674,Michale,Antonognoli,mantonognoliip@photobucket.com,261-324-2208
675,Phylis,Meece,pmeeceiq@epa.gov,619-408-5939
676,Florry,Yoseloff,fyoseloffir@cnn.com,685-150-0500
677,Lacy,Aleixo,laleixois@tmall.com,788-304-4964
678,Frederic,Quaintance,fquaintanceit@hao123.com,901-154-2773
679,Kaitlynn,Gentiry,kgentiryiu@weather.com,559-421-0928
680,Kalinda,Marrett,kmarrettiv@cnn.com,195-278-7321
681,Kurt,Ellul,kelluliw@slate.com,934-202-6522
682,Yurik,Sarath,ysarathix@cisco.com,747-338-6887
683,Arden,Jancik,ajancikiy@webeden.co.uk,664-835-1201
684,Holly,Bagge,hbaggeiz@gmpg.org,150-586-6276
685,Brig,Fitchet,bfitchetj0@reverbnation.com,933-198-7675
686,Minor,Killbey,mkillbeyj1@photobucket.com,390-138-8676
687,Sutherland,Bartoszinski,sbartoszinskij2@ox.ac.uk,964-469-6317
688,Felike,Bridgens,fbridgensj3@baidu.com,703-482-5824
689,Susanne,Strutton,sstruttonj4@pbs.org,883-237-9614
690,Flor,Walshaw,fwalshawj5@skype.com,644-838-7410
691,Winona,Rosenschein,wrosenscheinj6@e-recht24.de,682-542-4408
692,Tate,Biskupek,tbiskupekj7@businessinsider.com,886-193-8321
693,Ellynn,Babber,ebabberj8@ihg.com,352-169-3683
694,Devan,Kershow,dkershowj9@hostgator.com,566-376-7458
695,Aidan,Gilham,agilhamja@woothemes.com,525-366-7257
696,Christalle,Strond,cstrondjb@harvard.edu,767-886-4669
697,Wainwright,Ord,wordjc@wikispaces.com,328-581-3208
698,Town,Haslin,thaslinjd@angelfire.com,871-507-6475
699,Kirsten,Klulisek,kklulisekje@de.vu,132-615-0478
700,Lizzy,Naul,lnauljf@ow.ly,680-668-6474
701,Hercules,Gaddas,hgaddasjg@4shared.com,226-250-9254
702,Eva,Northfield,enorthfieldjh@elpais.com,106-684-1670
703,Mitchel,Greatbach,mgreatbachji@salon.com,387-517-3642
704,Phedra,Waggitt,pwaggittjj@goo.ne.jp,700-820-1216
705,Melina,Sherington,msheringtonjk@trellian.com,877-467-0408
706,Sky,Rennie,srenniejl@samsung.com,538-399-0178
707,Darby,McNickle,dmcnicklejm@nytimes.com,529-805-2401
708,Frederick,Davidson,fdavidsonjn@hhs.gov,568-225-9223
709,Doroteya,Rainsdon,drainsdonjo@angelfire.com,339-899-0482
710,Ibby,Amdohr,iamdohrjp@arizona.edu,336-333-2892
711,Ursuline,Kelcher,ukelcherjq@go.com,778-777-4693
712,Selene,Stonebridge,sstonebridgejr@cyberchimps.com,321-728-9966
713,Zelma,Easterfield,zeasterfieldjs@china.com.cn,705-354-5993
714,Vladamir,Overel,vovereljt@ca.gov,669-204-0315
715,Adriana,Ivie,aivieju@taobao.com,368-491-5673
716,Gianna,Polak,gpolakjv@state.tx.us,167-624-6794
717,Fairlie,Silcocks,fsilcocksjw@tumblr.com,727-857-7093
718,Bay,Derricoat,bderricoatjx@bigcartel.com,929-870-5395
719,Bevon,Alpine,balpinejy@shutterfly.com,156-790-4868
720,Kamila,Ferrarotti,kferrarottijz@newsvine.com,669-470-5575
721,Demetris,Robker,drobkerk0@goodreads.com,698-671-0682
722,Maryanne,Gregor,mgregork1@patch.com,617-578-4050
723,Samuel,Goskar,sgoskark2@unblog.fr,684-613-9127
724,Valera,Abdy,vabdyk3@mac.com,612-690-6497
725,Brockie,Pues,bpuesk4@europa.eu,728-749-2371
726,Corly,Lowey,cloweyk5@admin.ch,985-445-5792
727,Sabrina,Suddock,ssuddockk6@hubpages.com,366-472-2207
728,Calypso,Busch,cbuschk7@cisco.com,868-250-8635
729,Shir,Syder,ssyderk8@gmpg.org,307-194-4240
730,Neille,MacCosto,nmaccostok9@csmonitor.com,522-741-7082
731,Darrick,Wem,dwemka@squidoo.com,432-987-5976
732,Justine,Humbee,jhumbeekb@ox.ac.uk,430-671-6282
733,Harrison,Heersma,hheersmakc@typepad.com,387-149-6247
734,Evaleen,Braddick,ebraddickkd@howstuffworks.com,714-967-7476
735,Field,Connett,fconnettke@mac.com,953-223-9550
736,Cindee,Brudenell,cbrudenellkf@goodreads.com,504-330-0583
737,Rafa,Chapelhow,rchapelhowkg@usatoday.com,200-451-8195
738,Bobbe,Jerrome,bjerromekh@pcworld.com,118-561-7628
739,Jennica,Garrow,jgarrowki@clickbank.net,562-675-6740
740,Melina,Sandes,msandeskj@kickstarter.com,861-149-9175
741,Guendolen,Ions,gionskk@state.gov,566-974-0589
742,Tomaso,Bonafant,tbonafantkl@jalbum.net,641-680-7653
743,Gearard,Hedling,ghedlingkm@earthlink.net,736-652-6488
744,Ebba,Bytheway,ebythewaykn@sourceforge.net,579-144-8967
745,Una,Powers,upowersko@ca.gov,123-644-6607
746,Malanie,Moralee,mmoraleekp@dailymail.co.uk,583-734-8397
747,Luciana,Bruineman,lbruinemankq@slideshare.net,647-642-4249
748,Jimmie,Cocozza,jcocozzakr@aboutads.info,817-568-1019
749,Felix,Huot,fhuotks@free.fr,836-471-4674
750,Darcey,Burdas,dburdaskt@edublogs.org,494-426-3878
751,Desiree,Bage,dbageku@bizjournals.com,927-945-3367
752,Maddie,Epgrave,mepgravekv@weather.com,153-259-4773
753,Curry,Reddecliffe,creddecliffekw@msn.com,972-132-3182
754,Carita,Ballsdon,cballsdonkx@surveymonkey.com,688-592-3284
755,Kaylyn,Fairbeard,kfairbeardky@cisco.com,424-606-3756
756,Em,Stibbs,estibbskz@cdc.gov,601-998-4784
757,Jase,Olivie,joliviel0@indiegogo.com,706-153-8089
758,Nichol,Skellern,nskellernl1@virginia.edu,562-952-4347
759,Clemmy,Guitte,cguittel2@fda.gov,152-700-7828
760,Vivia,Farlane,vfarlanel3@bbb.org,223-196-7486
761,Madelina,Scotchmer,mscotchmerl4@mlb.com,698-138-4575
762,Maddy,Westell,mwestelll5@google.com,503-619-4779
763,Royce,Brunn,rbrunnl6@about.me,987-990-8851
764,Drusilla,Wollaston,dwollastonl7@yellowbook.com,572-862-5303
765,Valene,Canto,vcantol8@domainmarket.com,358-877-2368
766,Sib,Geck,sgeckl9@telegraph.co.uk,350-599-1320
767,Tansy,Cominotti,tcominottila@usa.gov,657-759-6416
768,Leona,Chrestien,lchrestienlb@microsoft.com,834-887-0256
769,Matilda,Beminster,mbeminsterlc@google.co.jp,655-528-1725
770,Paton,Mathivet,pmathivetld@bbc.co.uk,228-669-2734
771,Ximenez,Tumasian,xtumasianle@reddit.com,553-372-1311
772,Clark,Haliday,chalidaylf@hostgator.com,553-889-4081
773,Norry,Hannan,nhannanlg@amazonaws.com,208-314-8789
774,Forster,Frankcomb,ffrankcomblh@pen.io,906-582-4275
775,Henri,Haith,hhaithli@meetup.com,416-259-8056
776,Valentine,Coney,vconeylj@sogou.com,566-322-7604
777,Hogan,Gullivent,hgulliventlk@arizona.edu,848-479-1856
778,Dorine,Dacre,ddacrell@tripadvisor.com,437-435-3626
779,Paten,Vasse,pvasselm@cnbc.com,159-134-9481
780,Natale,Barensen,nbarensenln@nymag.com,107-495-7598
781,Melvin,Bunyan,mbunyanlo@hc360.com,893-421-0921
782,Arda,Puddan,apuddanlp@flickr.com,313-762-4384
783,Jobi,Goad,jgoadlq@linkedin.com,619-127-7445
784,Dom,Turnbull,dturnbulllr@businessinsider.com,100-886-8001
785,Evvy,Ever,eeverls@hhs.gov,477-834-1867
786,Abe,Sterland,asterlandlt@mapy.cz,416-935-2043
787,Charlton,Bassom,cbassomlu@fema.gov,537-151-0569
788,Judith,Seyffert,jseyffertlv@vistaprint.com,753-645-9655
789,Raynell,Lauritsen,rlauritsenlw@nasa.gov,833-616-5518
790,Lilli,Yegoshin,lyegoshinlx@paypal.com,859-618-8099
791,Calley,Ridgedell,cridgedellly@dagondesign.com,884-542-9062
792,Piggy,Conachie,pconachielz@sbwire.com,541-591-0055
793,Irvin,Baillie,ibailliem0@delicious.com,705-173-4646
794,Wally,Brash,wbrashm1@wordpress.org,167-711-6744
795,Janeva,Ors,jorsm2@artisteer.com,837-898-4144
796,Hilary,Wallhead,hwallheadm3@illinois.edu,238-490-5916
797,Barnard,Malthouse,bmalthousem4@yandex.ru,263-603-3442
798,Freida,Glison,fglisonm5@latimes.com,546-231-3199
799,Faunie,Baumford,fbaumfordm6@mysql.com,648-535-0574
800,Angelika,Rosenhaus,arosenhausm7@icq.com,994-880-1033
801,Shirl,Leghorn,sleghornm8@yelp.com,345-625-3865
802,Derril,Feedome,dfeedomem9@dion.ne.jp,664-583-2226
803,Cristal,Sturgess,csturgessma@irs.gov,853-682-8717
804,Golda,Cady,gcadymb@quantcast.com,718-540-4440
805,Courtney,Nineham,cninehammc@google.ca,815-988-4977
806,Teodor,Daulton,tdaultonmd@hc360.com,245-113-8893
807,Peri,Dik,pdikme@rambler.ru,294-715-6084
808,Tallulah,Rospars,trosparsmf@mlb.com,162-142-1596
809,Lorry,Stonary,lstonarymg@nsw.gov.au,342-239-1927
810,Bax,Yukhnevich,byukhnevichmh@prweb.com,611-218-1867
811,Sutherland,Jorck,sjorckmi@bravesites.com,826-639-1907
812,Elysia,Falconar,efalconarmj@wordpress.org,307-671-8086
813,Clemens,Spinke,cspinkemk@bloglovin.com,222-867-7622
814,Kakalina,Morgen,kmorgenml@oracle.com,819-623-3411
815,Maryjane,Arrington,marringtonmm@cargocollective.com,350-254-4453
816,Miranda,Donet,mdonetmn@yolasite.com,490-221-0168
817,Olly,Britt,obrittmo@digg.com,138-347-0816
818,Cole,De Bischof,cdebischofmp@nationalgeographic.com,807-851-1594
819,Danyelle,Elwill,delwillmq@wikia.com,191-422-6681
820,Berget,Leneve,blenevemr@epa.gov,843-638-1904
821,Marve,Gendrich,mgendrichms@intel.com,415-230-4514
822,Amaleta,Proback,aprobackmt@godaddy.com,899-472-4318
823,Eachelle,De Maria,edemariamu@china.com.cn,836-244-1738
824,Clemmie,Baress,cbaressmv@mozilla.com,620-862-2061
825,Ida,Cubbin,icubbinmw@about.com,585-965-5015
826,Felice,Mangenet,fmangenetmx@php.net,665-379-1875
827,Miguelita,Cosins,mcosinsmy@t-online.de,452-562-2437
828,Claudette,Skyrme,cskyrmemz@state.gov,762-424-3497
829,Mead,Korejs,mkorejsn0@tinyurl.com,523-911-0058
830,Cheston,Vials,cvialsn1@slideshare.net,745-946-9626
831,Niel,Scolding,nscoldingn2@elpais.com,685-213-1094
832,Sergeant,Walding,swaldingn3@photobucket.com,699-329-9527
833,Hanny,Grevatt,hgrevattn4@nhs.uk,834-204-0476
834,Gery,Jennens,gjennensn5@foxnews.com,175-411-8426
835,Aaren,Summerlee,asummerleen6@posterous.com,616-197-8022
836,Dedie,Mabone,dmabonen7@telegraph.co.uk,532-930-2023
837,Sarene,Di Giacomettino,sdigiacomettinon8@wisc.edu,975-211-5259
838,Huntlee,Gahan,hgahann9@netscape.com,633-762-3590
839,Lorens,Toseland,ltoselandna@bluehost.com,695-107-4625
840,Obadiah,Pichmann,opichmannnb@typepad.com,898-663-2612
841,Gilli,Arne,garnenc@smh.com.au,559-699-8935
842,Darrick,Pendred,dpendrednd@jigsy.com,945-883-5910
843,Sigismond,De Freitas,sdefreitasne@bloglines.com,391-818-3801
844,Angelico,Hamper,ahampernf@adobe.com,676-719-1593
845,Pru,Bernot,pbernotng@feedburner.com,226-286-9372
846,Felix,Chasles,fchaslesnh@networksolutions.com,866-489-6395
847,Drugi,Blackborow,dblackborowni@comcast.net,566-679-3809
848,Antonina,Puddicombe,apuddicombenj@theglobeandmail.com,942-789-0887
849,Bronnie,Chupin,bchupinnk@guardian.co.uk,229-210-4163
850,Billy,Stoneley,bstoneleynl@narod.ru,640-931-9804
851,Jephthah,Renison,jrenisonnm@livejournal.com,619-371-3657
852,Zebadiah,Hourston,zhourstonnn@ibm.com,219-964-8935
853,Ansley,Hucke,ahuckeno@shinystat.com,926-876-5337
854,Ede,Coey,ecoeynp@chicagotribune.com,621-800-0485
855,Jarrett,Peplay,jpeplaynq@arstechnica.com,383-963-8710
856,Gerianne,Le Prevost,gleprevostnr@i2i.jp,336-841-2241
857,Cull,Walisiak,cwalisiakns@altervista.org,917-700-5642
858,Link,Itschakov,litschakovnt@irs.gov,935-455-6313
859,Sile,Jelley,sjelleynu@51.la,902-704-1955
860,Tadd,O' Molan,tomolannv@mozilla.org,195-942-6628
861,Nona,Haighton,nhaightonnw@fema.gov,414-322-5148
862,Shoshana,Drewett,sdrewettnx@rediff.com,233-182-6955
863,Matthias,Spelsbury,mspelsburyny@sciencedirect.com,798-414-8636
864,Llywellyn,Blamphin,lblamphinnz@trellian.com,283-311-0628
865,Venita,De Fries,vdefrieso0@pinterest.com,185-696-9599
866,Urban,Elwood,uelwoodo1@php.net,259-705-5526
867,Sharline,Tudhope,studhopeo2@google.es,782-842-1976
868,Vivi,Ygou,vygouo3@yelp.com,526-208-7905
869,Brigham,Peers,bpeerso4@nyu.edu,743-526-6518
870,Marji,Chapiro,mchapiroo5@deliciousdays.com,290-269-1174
871,Alvis,Radnage,aradnageo6@newyorker.com,365-825-6987
872,Yehudi,Marvel,ymarvelo7@techcrunch.com,461-779-7343
873,Zackariah,Acey,zaceyo8@disqus.com,823-891-9108
874,Hadria,Beverley,hbeverleyo9@bigcartel.com,660-218-1333
875,Zane,Fenning,zfenningoa@thetimes.co.uk,838-582-9439
876,Yelena,Kleinhaus,ykleinhausob@arizona.edu,767-117-0118
877,Griffy,Pfaffel,gpfaffeloc@irs.gov,121-444-7106
878,Cornela,Petracco,cpetraccood@tinypic.com,255-597-6475
879,Lorena,Joly,ljolyoe@auda.org.au,252-791-7062
880,Darelle,Mutimer,dmutimerof@amazon.co.uk,455-620-0876
881,Angelica,Buie,abuieog@digg.com,764-608-9475
882,Brendon,Munning,bmunningoh@stumbleupon.com,333-737-8023
883,Florida,Ramiro,framirooi@quantcast.com,144-393-5304
884,Ase,Shirlaw,ashirlawoj@kickstarter.com,289-947-5877
885,Mildred,Thomasson,mthomassonok@sbwire.com,514-349-6665
886,Bethany,Edmott,bedmottol@telegraph.co.uk,897-408-3461
887,Lawton,Jenyns,ljenynsom@earthlink.net,661-379-4415
888,Lay,Wateridge,lwateridgeon@soup.io,872-903-8951
889,Hestia,Ennever,henneveroo@simplemachines.org,924-176-7128
890,Berkie,Ianelli,bianelliop@i2i.jp,192-632-8166
891,Anastassia,Louis,alouisoq@symantec.com,416-440-7507
892,Dierdre,Bunford,dbunfordor@wordpress.org,224-427-3046
893,Drusi,Kerss,dkerssos@vk.com,333-441-9797
894,Erica,Thornebarrow,ethornebarrowot@auda.org.au,796-215-5941
895,Harold,Sterricker,hsterrickerou@delicious.com,786-995-9022
896,Marianne,Milius,mmiliusov@examiner.com,254-369-8153
897,Ondrea,Gobolos,ogobolosow@examiner.com,492-638-1456
898,Isa,Radloff,iradloffox@ovh.net,785-740-6144
899,Annemarie,De Biaggi,adebiaggioy@usatoday.com,464-793-8505
900,Renaldo,Chidler,rchidleroz@hexun.com,400-571-9869
901,Julius,Kondratenko,jkondratenkop0@people.com.cn,233-729-8565
902,Ericka,Lindsay,elindsayp1@soundcloud.com,994-755-4312
903,Alta,Idle,aidlep2@indiatimes.com,271-386-7447
904,Evangelin,Elsdon,eelsdonp3@squidoo.com,263-781-0939
905,Hall,Glazyer,hglazyerp4@alexa.com,858-509-3671
906,Jenica,Talman,jtalmanp5@ezinearticles.com,719-227-5851
907,Gloriane,Deboy,gdeboyp6@goo.gl,116-197-9578
908,Claudell,Erskin,cerskinp7@wix.com,460-430-7803
909,Elizabeth,Melarkey,emelarkeyp8@technorati.com,963-315-9568
910,Talbert,Sheryne,tsherynep9@dedecms.com,371-312-8286
911,Clay,Brook,cbrookpa@webeden.co.uk,666-814-0522
912,Torie,Mulliss,tmullisspb@reference.com,739-587-5114
913,Catha,Goncaves,cgoncavespc@usa.gov,773-464-9971
914,Roselia,Greenstock,rgreenstockpd@hatena.ne.jp,140-826-2398
915,Field,Niemiec,fniemiecpe@businesswire.com,138-524-3619
916,Andie,Everard,aeverardpf@shop-pro.jp,766-112-4016
917,Eric,Scorah,escorahpg@chronoengine.com,577-140-9369
918,Baillie,Bardnam,bbardnamph@woothemes.com,105-290-2298
919,Monah,Frediani,mfredianipi@ca.gov,470-258-7680
920,Kaja,Baskerfield,kbaskerfieldpj@wsj.com,377-969-9525
921,Cassandre,Arnely,carnelypk@qq.com,288-560-6731
922,Rolf,Seamarke,rseamarkepl@indiatimes.com,880-873-7154
923,Lucine,Harrington,lharringtonpm@hubpages.com,857-723-4649
924,Loralyn,Nozzolinii,lnozzoliniipn@blinklist.com,694-359-8313
925,Corinna,Braniff,cbraniffpo@thetimes.co.uk,821-926-6783
926,Duky,Wims,dwimspp@indiegogo.com,591-249-0342
927,Alysia,Prickett,aprickettpq@hibu.com,420-188-5127
928,Ephrayim,Duchateau,educhateaupr@google.pl,924-123-6781
929,Brenn,Smitten,bsmittenps@webmd.com,370-790-5899
930,Charmaine,Oldfield-Cherry,coldfieldcherrypt@bigcartel.com,669-469-9795
931,Vida,Knappitt,vknappittpu@reverbnation.com,937-147-9273
932,Jada,Andres,jandrespv@ask.com,260-548-2949
933,Netty,Aberchirder,naberchirderpw@example.com,468-566-2925
934,Neala,Carlo,ncarlopx@who.int,966-582-4508
935,Tiler,Damiral,tdamiralpy@stumbleupon.com,204-709-7079
936,Phylis,Ginnell,pginnellpz@msn.com,866-394-2414
937,Devondra,Noods,dnoodsq0@facebook.com,162-696-8660
938,Abel,Daubney,adaubneyq1@chicagotribune.com,176-405-2888
939,Coletta,Ferby,cferbyq2@redcross.org,475-915-7254
940,Erastus,Perutto,eperuttoq3@illinois.edu,846-732-5312
941,Verena,Cornes,vcornesq4@engadget.com,777-304-8438
942,Cassy,Bahike,cbahikeq5@timesonline.co.uk,505-397-5332
943,Carlee,Crumpton,ccrumptonq6@google.com.au,339-411-6191
944,Aeriela,Grunguer,agrunguerq7@theatlantic.com,363-706-4189
945,Lock,Goutcher,lgoutcherq8@ovh.net,847-128-0087
946,Adriana,Manntschke,amanntschkeq9@ifeng.com,383-245-9427
947,Pembroke,Markwick,pmarkwickqa@indiegogo.com,522-226-0887
948,Jayme,Illidge,jillidgeqb@twitter.com,865-627-7749
949,Grace,Wilks,gwilksqc@fema.gov,563-522-9968
950,Aurthur,Weben,awebenqd@mashable.com,508-813-2404
951,Ximenes,Tilliard,xtilliardqe@arstechnica.com,346-646-1464
952,Dorene,Bitterton,dbittertonqf@answers.com,246-968-7856
953,Vikky,Rosenhaupt,vrosenhauptqg@so-net.ne.jp,719-410-3411
954,Fleming,Rome,fromeqh@ca.gov,392-730-1917
955,Tab,Ownsworth,townsworthqi@desdev.cn,589-558-5921
956,Jeremie,Nicholes,jnicholesqj@technorati.com,703-226-7913
957,Estelle,Gianolini,egianoliniqk@dagondesign.com,549-777-8489
958,Doy,McLucky,dmcluckyql@timesonline.co.uk,985-551-1581
959,Prinz,Grigorini,pgrigoriniqm@hexun.com,340-189-0409
960,Shalna,Worsnip,sworsnipqn@privacy.gov.au,315-678-0961
961,Blanche,Ebsworth,bebsworthqo@canalblog.com,824-267-2972
962,Newton,Dendle,ndendleqp@google.fr,824-521-3693
963,Sharleen,Andreix,sandreixqq@barnesandnoble.com,325-218-6378
964,Olva,Leven,olevenqr@biblegateway.com,544-594-2773
965,Bria,Burnip,bburnipqs@diigo.com,161-474-2970
966,Lammond,Beddoe,lbeddoeqt@ca.gov,556-627-3300
967,Oralia,Thickpenny,othickpennyqu@wunderground.com,558-998-5200
968,Melisse,Megainey,mmegaineyqv@chron.com,634-588-4063
969,Vina,Lindsley,vlindsleyqw@virginia.edu,880-490-9260
970,Art,MacKibbon,amackibbonqx@yahoo.co.jp,752-783-8177
971,Lotta,Rivelon,lrivelonqy@techcrunch.com,132-315-0201
972,Gayler,Schole,gscholeqz@aol.com,672-166-3544
973,Bert,Howel,bhowelr0@statcounter.com,474-162-5606
974,Kellen,Barke,kbarker1@cnet.com,911-740-8807
975,Aloise,Dobie,adobier2@smugmug.com,924-579-7997
976,Amery,Oattes,aoattesr3@mac.com,714-152-3348
977,Larine,Agney,lagneyr4@mashable.com,186-523-3639
978,Bibbye,Astie,bastier5@toplist.cz,323-863-1687
979,Randall,Carcass,rcarcassr6@dedecms.com,601-464-8033
980,Ange,Robathon,arobathonr7@instagram.com,599-820-5542
981,Rosanne,Pentin,rpentinr8@marketwatch.com,277-141-8327
982,Quent,Lynas,qlynasr9@china.com.cn,656-501-7684
983,Aeriell,Sleney,asleneyra@blogspot.com,376-544-3331
984,Eolande,Towle,etowlerb@seesaa.net,877-498-8846
985,Orbadiah,Bockmann,obockmannrc@epa.gov,844-489-0897
986,Lincoln,Joderli,ljoderlird@feedburner.com,531-333-4087
987,Constantina,Clarey,cclareyre@google.ca,885-656-5772
988,Cullie,Cardis,ccardisrf@goo.gl,171-224-2126
989,Lucille,Wildes,lwildesrg@flavors.me,806-318-0940
990,Kaylil,Fierman,kfiermanrh@fc2.com,162-255-4428
991,Wenonah,Claypole,wclaypoleri@ustream.tv,563-672-7691
992,Gordy,Gutridge,ggutridgerj@purevolume.com,516-687-1651
993,Guinevere,Leglise,glegliserk@si.edu,239-635-6799
994,Candida,Allport,callportrl@wufoo.com,726-985-7155
995,Marlene,Gravy,mgravyrm@mtv.com,707-216-6799
996,Milo,Bawdon,mbawdonrn@mail.ru,139-345-8225
997,Sollie,Evans,sevansro@telegraph.co.uk,400-824-7871
998,Elayne,Lehrer,elehrerrp@state.gov,726-747-3604
999,Nelly,Sirr,nsirrrq@wufoo.com,201-233-0796
1000,Kare,Knipe,kkniperr@woothemes.com,837-618-8028
